1773241281.9911869,Connected to ESP32
1773241281.9924,
1773241281.99297,16385
1773241281.994348,
1773241281.995557,27902
1773241281.998299,
1773241281.999614,27352
1773241282.000364,
1773241282.0014222,16425
1773241282.003957,
1773241282.0049338,17173
1773241282.006662,
1773241282.0084438,28033
1773241282.0118,
1773241282.01181,25913
1773241282.013309,
1773241288.410144,Measuring pressure
1773241288.45557,D1:22002101201220,D2:111011121121222
1773241288.456165,T:14.540,P:2503.000,D:14.478,TIME:77594
1773241288.486439,D1:22002101201121,D2:111011201110201
1773241288.488283,T:14.610,P:2503.000,D:14.478,TIME:77644
1773241288.4893389,
1773241288.536404,D1:22002101201011,D2:111011210002012
1773241288.541267,T:14.640,P:2503.000,D:14.478,TIME:77695
1773241288.664375,D1:22002101211111,D2:111011211001012
1773241288.664505,T:14.660,P:2504.000,D:14.487,TIME:77746
1773241288.6645372,D1:22002101201020,D2:111011211202112
1773241288.6645608,T:14.680,P:2502.000,D:14.468,TIME:77797
1773241288.6891341,D1:22002101202120,D2:111011212011102
1773241288.690613,
1773241288.6918452,T:14.690,P:2503.000,D:14.478,TIME:77848
1773241288.695036,
1773241288.74065,D1:22002101202010,D2:111011212121102
1773241288.742541,T:14.700,P:2503.000,D:14.478,TIME:77899
1773241288.7443368,
1773241288.791283,D1:22002101200212,D2:111011212222120
1773241288.7946272,T:14.710,P:2502.000,D:14.468,TIME:77950
1773241288.796098,
1773241288.84221,D1:22002101220102,D2:111011220000101
1773241288.845527,T:14.710,P:2504.000,D:14.487,TIME:78001
1773241288.846758,
1773241288.910463,D1:22002101212011,D2:111011220020101
1773241288.910563,T:14.710,P:2504.000,D:14.487,TIME:78052
1773241288.944263,D1:22002101210101,D2:111011220100111
1773241288.944475,
1773241288.946879,T:14.720,P:2503.000,D:14.478,TIME:78103
1773241288.947826,
1773241289.0134962,D1:22002101211111,D2:111011220112202
1773241289.013667,T:14.720,P:2503.000,D:14.478,TIME:78154
1773241289.0463932,D1:22002101202021,D2:111011220110121
1773241289.0493598,T:14.720,P:2503.000,D:14.478,TIME:78205
1773241289.0507169,
1773241289.097148,D1:22002101212222,D2:111011220212100
1773241289.099244,T:14.730,P:2504.000,D:14.487,TIME:78256
1773241289.1006951,
1773241289.148545,D1:22002101220012,D2:111011220202020
1773241289.1516879,T:14.720,P:2504.000,D:14.487,TIME:78307
1773241289.152979,
1773241289.208533,D1:22002101202212,D2:111011220211202
1773241289.208717,T:14.730,P:2503.000,D:14.478,TIME:78358
1773241289.2503989,D1:22002101201112,D2:111011220220101
1773241289.253773,T:14.730,P:2502.000,D:14.468,TIME:78409
1773241289.255007,
1773241289.305705,D1:22002101210222,D2:111011221010002
1773241289.305784,T:14.730,P:2503.000,D:14.478,TIME:78460
1773241289.352584,D1:22002101201020,D2:111011221002221
1773241289.3560598,T:14.730,P:2502.000,D:14.468,TIME:78511
1773241289.403518,D1:22002101220102,D2:111011221012220
1773241289.404533,
1773241289.407308,T:14.740,P:2504.000,D:14.487,TIME:78562
1773241289.4088051,
1773241289.466075,D1:22002101210022,D2:111011221012112
1773241289.466172,T:14.730,P:2503.000,D:14.478,TIME:78613
1773241289.505248,D1:22002101211221,D2:111011221020010
1773241289.508561,T:14.740,P:2504.000,D:14.487,TIME:78664
1773241289.509888,
1773241289.5561888,D1:22002101220021,D2:111011221011201
1773241289.558305,T:14.730,P:2504.000,D:14.487,TIME:78715
1773241289.559996,
1773241289.607462,D1:22002101121100,D2:111011221022111
1773241289.6105878,T:14.740,P:2501.000,D:14.458,TIME:78766
1773241289.611873,
1773241289.708627,D1:22002101212121,D2:111011221110111
1773241289.709266,T:14.740,P:2504.000,D:14.487,TIME:78817
1773241289.709305,D1:22002101211201,D2:111011221100222
1773241289.709749,
1773241289.713562,T:14.740,P:2504.000,D:14.487,TIME:78868
1773241289.7145789,
1773241289.760293,D1:22002101210002,D2:111011221102200
1773241289.764296,T:14.740,P:2503.000,D:14.478,TIME:78919
1773241289.811188,D1:22002101201022,D2:111011221111022
1773241289.813306,
1773241289.8134348,T:14.740,P:2502.000,D:14.468,TIME:78970
1773241289.8163571,
1773241289.8627892,D1:22002101201011,D2:111011221101120
1773241289.863909,
1773241289.864546,T:14.740,P:2502.000,D:14.468,TIME:79021
1773241289.867563,
1773241289.918648,D1:22002101211012,D2:111011221200010
1773241289.918742,T:14.750,P:2503.000,D:14.478,TIME:79072
1773241289.964355,D1:22002101201022,D2:111011221200010
1773241289.967826,T:14.750,P:2502.000,D:14.468,TIME:79123
1773241289.969005,
1773241290.015284,D1:22002101200212,D2:111011221112001
1773241290.0173151,T:14.740,P:2502.000,D:14.468,TIME:79174
1773241290.019466,
1773241290.066328,D1:22002101200210,D2:111011221101201
1773241290.067631,
1773241290.069085,T:14.740,P:2502.000,D:14.468,TIME:79225
1773241290.0708969,
1773241290.138856,D1:22002101210200,D2:111011221121001
1773241290.139046,T:14.740,P:2503.000,D:14.478,TIME:79276
1773241290.168384,D1:22002101211102,D2:111011221112021
1773241290.1718662,T:14.740,P:2503.000,D:14.478,TIME:79327
1773241290.17298,
1773241290.2192168,D1:22002101211010,D2:111011221121120
1773241290.223218,T:14.740,P:2503.000,D:14.478,TIME:79378
1773241290.2705762,D1:22002101210202,D2:111011221202111
1773241290.2738612,T:14.750,P:2503.000,D:14.478,TIME:79429
1773241290.2751439,
1773241290.321297,D1:22002101210200,D2:111011221120110
1773241290.324606,T:14.740,P:2503.000,D:14.478,TIME:79480
1773241290.325948,
1773241290.382186,D1:22002101201200,D2:111011221200010
1773241290.382273,T:14.750,P:2502.000,D:14.468,TIME:79531
1773241290.423241,D1:22002101202021,D2:111011221112122
1773241290.424313,
1773241290.426174,T:14.740,P:2503.000,D:14.478,TIME:79582
1773241290.43019,
1773241290.474622,D1:22002101202210,D2:111011221122211
1773241290.4756842,
1773241290.476306,T:14.750,P:2503.000,D:14.478,TIME:79633
1773241290.4783602,
1773241290.5255082,D1:22002101211100,D2:111011221210011
1773241290.525673,
1773241290.527958,T:14.750,P:2503.000,D:14.478,TIME:79684
1773241290.531307,
1773241290.598319,D1:22002101212101,D2:111011221112111
1773241290.5985012,T:14.740,P:2504.000,D:14.487,TIME:79735
1773241290.627386,D1:22002101201211,D2:111011221122000
1773241290.630511,T:14.740,P:2502.000,D:14.468,TIME:79786
1773241290.632124,
1773241290.766042,D1:22002101122121,D2:111011221121111
1773241290.766144,T:14.740,P:2502.000,D:14.468,TIME:79837
1773241290.7661598,D1:22002101202122,D2:111011221202201
1773241290.766171,T:14.750,P:2503.000,D:14.478,TIME:79888
1773241290.7807949,D1:22002101121102,D2:111011221212222
1773241290.783212,
1773241290.783241,T:14.750,P:2501.000,D:14.458,TIME:79940
1773241290.785633,
1773241290.8313,D1:22002101212011,D2:111011221202102
1773241290.835242,T:14.750,P:2504.000,D:14.487,TIME:79990
1773241290.8815758,D1:22002101220010,D2:111011221221022
1773241290.8822558,
1773241290.8855171,T:14.750,P:2504.000,D:14.487,TIME:80041
1773241290.8870158,
1773241290.9331331,D1:22002101220120,D2:111011221202120
1773241290.9371579,T:14.750,P:2504.000,D:14.487,TIME:80092
1773241290.984301,D1:22002101211120,D2:111011221210110
1773241290.9853618,
1773241290.9869618,T:14.750,P:2503.000,D:14.478,TIME:80143
1773241290.988786,
1773241291.041336,D1:22002101202221,D2:111011221210022
1773241291.041504,T:14.750,P:2503.000,D:14.478,TIME:80194
1773241291.087415,D1:22002101211212,D2:111011221211010
1773241291.088775,T:14.750,P:2504.000,D:14.487,TIME:80245
1773241291.09026,
1773241291.137849,D1:22002101220210,D2:111011221221200
1773241291.1394298,T:14.750,P:2504.000,D:14.487,TIME:80296
1773241291.142474,
1773241291.189558,D1:22002101212222,D2:111011221211212
1773241291.190382,T:14.750,P:2504.000,D:14.487,TIME:80347
1773241291.1929758,
1773241291.239329,D1:22002101212202,D2:111011221222001
1773241291.2408261,
1773241291.2418501,T:14.750,P:2504.000,D:14.487,TIME:80398
1773241291.243656,
1773241291.290189,D1:22002101211102,D2:111011221210200
1773241291.292138,T:14.750,P:2503.000,D:14.478,TIME:80449
1773241291.293617,
1773241291.340906,D1:22002101210121,D2:111011221212112
1773241291.341517,
1773241291.344615,T:14.750,P:2503.000,D:14.478,TIME:80500
1773241291.345841,
1773241291.392354,D1:22002101212211,D2:111011221222012
1773241291.396113,T:14.750,P:2504.000,D:14.487,TIME:80551
1773241291.397449,
1773241291.444059,D1:22002102000202,D2:111011222001100
1773241291.445604,T:14.750,P:2505.000,D:14.497,TIME:80602
1773241291.447147,
1773241291.494536,D1:22002101221110,D2:111011222001100
1773241291.497886,T:14.750,P:2504.000,D:14.487,TIME:80653
1773241291.545294,D1:22002101210202,D2:111011221221020
1773241291.5467288,
1773241291.5488262,T:14.750,P:2503.000,D:14.478,TIME:80704
1773241291.5524428,
1773241291.596214,D1:22002101122211,D2:111011221222122
1773241291.6002078,T:14.750,P:2502.000,D:14.468,TIME:80755
1773241291.647139,D1:22002101221200,D2:111011221221022
1773241291.65085,T:14.750,P:2505.000,D:14.497,TIME:80806
1773241291.652203,
1773241291.7148101,D1:22002101201112,D2:111011222000110
1773241291.714887,T:14.750,P:2502.000,D:14.468,TIME:80857
1773241291.809403,D1:22002101210200,D2:111011221212020
1773241291.809532,T:14.750,P:2503.000,D:14.478,TIME:80908
1773241291.809545,D1:22002101211012,D2:111011221212011
1773241291.8095539,T:14.750,P:2503.000,D:14.478,TIME:80959
1773241291.85141,D1:22002101220100,D2:111011221220001
1773241291.853357,T:14.750,P:2504.000,D:14.487,TIME:81010
1773241291.854988,
1773241291.902313,D1:22002101202010,D2:111011222002110
1773241291.905771,T:14.750,P:2503.000,D:14.478,TIME:81061
1773241291.907113,
1773241291.953324,D1:22002101211210,D2:111011222000211
1773241291.9552472,T:14.750,P:2504.000,D:14.487,TIME:81112
1773241291.95683,
1773241292.020048,D1:22002101122020,D2:111011222002011
1773241292.020203,T:14.750,P:2502.000,D:14.468,TIME:81163
1773241292.055292,D1:22002101221101,D2:111011222002000
1773241292.056279,
1773241292.0583522,T:14.750,P:2504.000,D:14.487,TIME:81214
1773241292.0597188,
1773241292.106111,D1:22002101202120,D2:111011222002202
1773241292.1092842,T:14.750,P:2503.000,D:14.478,TIME:81265
1773241292.110922,
1773241292.16677,D1:22002101220102,D2:111011221222111
1773241292.1668632,T:14.750,P:2504.000,D:14.487,TIME:81316
1773241292.2080672,D1:22002101220010,D2:111011222000222
1773241292.211481,T:14.750,P:2504.000,D:14.487,TIME:81367
1773241292.21288,
1773241292.2582421,D1:22002101202212,D2:111011222002101
1773241292.2591739,
1773241292.262971,T:14.750,P:2503.000,D:14.478,TIME:81418
1773241292.312852,D1:22002101211021,D2:111011222011002
1773241292.3129091,T:14.760,P:2503.000,D:14.478,TIME:81469
1773241292.314235,
1773241292.36153,D1:22002101202012,D2:111011221220122
1773241292.363468,T:14.750,P:2503.000,D:14.478,TIME:81520
1773241292.366242,
1773241292.4264152,D1:22002101201022,D2:111011221222001
1773241292.426485,T:14.750,P:2502.000,D:14.468,TIME:81571
1773241292.463358,D1:22002101220122,D2:111011221212022
1773241292.468986,T:14.750,P:2504.000,D:14.487,TIME:81622
1773241292.5140648,D1:22002101200010,D2:111011222000011
1773241292.5153122,
1773241292.518201,T:14.750,P:2502.000,D:14.468,TIME:81673
1773241292.519614,
1773241292.5655732,D1:22002101211120,D2:111011221220021
1773241292.570543,T:14.750,P:2503.000,D:14.478,TIME:81724
1773241292.641113,D1:22002101211010,D2:111011222010210
1773241292.641174,T:14.760,P:2503.000,D:14.478,TIME:81775
1773241292.667592,D1:22002101212200,D2:111011222002022
1773241292.670969,T:14.750,P:2504.000,D:14.487,TIME:81826
1773241292.672349,
1773241292.718863,D1:22002101211201,D2:111011222011101
1773241292.720864,T:14.760,P:2503.000,D:14.478,TIME:81877
1773241292.722292,
1773241292.8585641,D1:22002101202201,D2:111011222000000
1773241292.858634,T:14.750,P:2503.000,D:14.478,TIME:81928
1773241292.858644,D1:22002101202120,D2:111011222010021
1773241292.8586519,T:14.760,P:2503.000,D:14.478,TIME:81979
1773241292.871255,D1:22002101211102,D2:111011222012102
1773241292.873169,T:14.760,P:2503.000,D:14.478,TIME:82030
1773241292.876481,
1773241292.922461,D1:22002101210222,D2:111011222021100
1773241292.925791,T:14.760,P:2503.000,D:14.478,TIME:82081
1773241292.927147,
1773241292.973151,D1:22002101210211,D2:111011222022020
1773241292.974459,
1773241292.975924,T:14.760,P:2503.000,D:14.478,TIME:82132
1773241292.976871,
1773241293.024482,D1:22002101210220,D2:111011222022000
1773241293.02785,T:14.760,P:2503.000,D:14.478,TIME:82183
1773241293.0293078,
1773241293.0753,D1:22002101212101,D2:111011222000002
1773241293.078641,T:14.750,P:2504.000,D:14.487,TIME:82234
1773241293.080117,
1773241293.126112,D1:22002101211010,D2:111011222011110
1773241293.1278138,
1773241293.129503,T:14.760,P:2503.000,D:14.478,TIME:82285
1773241293.130697,
1773241293.177378,D1:22002101210211,D2:111011222011200
1773241293.180741,T:14.760,P:2503.000,D:14.478,TIME:82336
1773241293.1822212,
1773241293.228267,D1:22002101221220,D2:111011222012120
1773241293.2310212,T:14.760,P:2505.000,D:14.497,TIME:82387
1773241293.232932,
1773241293.3109708,D1:22002101201112,D2:111011222020110
1773241293.311129,T:14.760,P:2502.000,D:14.468,TIME:82438
1773241293.3303921,D1:22002101220010,D2:111011222010201
1773241293.333598,T:14.760,P:2504.000,D:14.487,TIME:82489
1773241293.334846,
1773241293.381195,D1:22002101202021,D2:111011222010221
1773241293.383214,T:14.760,P:2503.000,D:14.478,TIME:82540
1773241293.385055,
1773241293.4329972,D1:22002101220122,D2:111011222021102
1773241293.435898,T:14.760,P:2504.000,D:14.487,TIME:82591
1773241293.437838,
1773241293.483146,D1:22002101220102,D2:111011222100012
1773241293.487123,T:14.760,P:2504.000,D:14.487,TIME:82642
1773241293.534283,D1:22002101212101,D2:111011222001010
1773241293.535635,
1773241293.538372,T:14.750,P:2504.000,D:14.487,TIME:82693
1773241293.539704,
1773241293.585217,D1:22002101221022,D2:111011222010210
1773241293.5889459,T:14.760,P:2504.000,D:14.487,TIME:82744
1773241293.590255,
1773241293.6367009,D1:22002101202111,D2:111011222020211
1773241293.638567,T:14.760,P:2503.000,D:14.478,TIME:82795
1773241293.641644,
1773241293.687457,D1:22002101201222,D2:111011221220210
1773241293.68929,T:14.750,P:2503.000,D:14.478,TIME:82846
1773241293.691135,
1773241293.745118,D1:22002101212200,D2:111011222010122
1773241293.7452748,T:14.760,P:2504.000,D:14.487,TIME:82897
1773241293.7895072,D1:22002101200210,D2:111011222002002
1773241293.79152,T:14.750,P:2502.000,D:14.468,TIME:82948
1773241293.79332,
1773241293.904521,D1:22002101220021,D2:111011222021221
1773241293.90544,T:14.760,P:2504.000,D:14.487,TIME:82999
1773241293.905498,D1:22002101202210,D2:111011222011220
1773241293.905515,T:14.760,P:2503.000,D:14.478,TIME:83050
1773241293.945855,D1:22002101212200,D2:111011222011112
1773241293.968439,T:14.760,P:2504.000,D:14.487,TIME:83101
1773241293.993216,D1:22002101211221,D2:111011222020121
1773241293.9944499,
1773241293.995902,T:14.760,P:2504.000,D:14.487,TIME:83152
1773241293.9973388,
1773241294.044344,D1:22002101210112,D2:111011222012201
1773241294.0463538,
1773241294.0479941,T:14.760,P:2503.000,D:14.478,TIME:83204
1773241294.048348,
1773241294.0951831,D1:22002101212011,D2:111011222021122
1773241294.098742,T:14.760,P:2504.000,D:14.487,TIME:83254
1773241294.1001039,
1773241294.1481202,D1:22002101212011,D2:111011222010111
1773241294.1492999,T:14.760,P:2504.000,D:14.487,TIME:83305
1773241294.150934,
1773241294.198138,D1:22002101211001,D2:111011222012010
1773241294.199429,T:14.760,P:2503.000,D:14.478,TIME:83356
1773241294.200798,
1773241294.2482638,D1:22002101210121,D2:111011222021201
1773241294.250645,
1773241294.2511501,T:14.760,P:2503.000,D:14.478,TIME:83407
1773241294.2526789,
1773241294.2994719,D1:22002101200001,D2:111011222000101
1773241294.303641,T:14.750,P:2502.000,D:14.468,TIME:83458
1773241294.304161,
1773241294.350466,D1:22002101211221,D2:111011222012102
1773241294.351928,
1773241294.353415,T:14.760,P:2504.000,D:14.487,TIME:83509
1773241294.355245,
1773241294.401589,D1:22002101122202,D2:111011222022202
1773241294.404017,T:14.760,P:2502.000,D:14.468,TIME:83560
1773241294.405617,
1773241294.452401,D1:22002101202201,D2:111011222021122
1773241294.454577,
1773241294.455047,T:14.760,P:2503.000,D:14.478,TIME:83612
1773241294.456625,
1773241294.5032802,D1:22002101220012,D2:111011222012201
1773241294.50483,
1773241294.5060139,T:14.760,P:2504.000,D:14.487,TIME:83662
1773241294.5074408,
1773241294.554212,D1:22002101121111,D2:111011222012212
1773241294.558083,
1773241294.5599082,T:14.760,P:2501.000,D:14.458,TIME:83713
1773241294.605209,D1:22002101211102,D2:111011222020202
1773241294.6084201,T:14.760,P:2503.000,D:14.478,TIME:83764
1773241294.609737,
1773241294.6568651,D1:22002101202210,D2:111011222021122
1773241294.6594381,T:14.760,P:2503.000,D:14.478,TIME:83815
1773241294.707036,D1:22002101202201,D2:111011222020202
1773241294.710602,T:14.760,P:2503.000,D:14.478,TIME:83866
1773241294.712001,
1773241294.7587142,D1:22002101210200,D2:111011222021201
1773241294.762068,T:14.760,P:2503.000,D:14.478,TIME:83918
1773241294.80933,D1:22002101202010,D2:111011222020211
1773241294.810441,
1773241294.8117251,T:14.760,P:2503.000,D:14.478,TIME:83968
1773241294.8131762,
1773241294.952899,D1:22002101201211,D2:111011222010102
1773241294.9530308,
1773241294.9530518,T:14.760,P:2502.000,D:14.468,TIME:84019
1773241294.953063,D1:22002101201112,D2:111011222012001
1773241294.953072,T:14.760,P:2502.000,D:14.468,TIME:84070
1773241294.9619799,D1:22002101202001,D2:111011222002110
1773241294.964304,T:14.750,P:2503.000,D:14.478,TIME:84121
1773241294.968805,
1773241295.013419,D1:22002101202212,D2:111011222011222
1773241295.016787,T:14.760,P:2503.000,D:14.478,TIME:84172
1773241295.018077,
1773241295.0644,D1:22002101121201,D2:111011222001201
1773241295.067568,T:14.750,P:2501.000,D:14.458,TIME:84223
1773241295.0691478,
1773241295.1163552,D1:22002101202212,D2:111011222002011
1773241295.118474,T:14.750,P:2503.000,D:14.478,TIME:84274
1773241295.119831,
1773241295.166328,D1:22002101210101,D2:111011222021120
1773241295.166562,
1773241295.169376,T:14.760,P:2503.000,D:14.478,TIME:84325
1773241295.172439,
1773241295.217831,D1:22002101202210,D2:111011222020000
1773241295.219727,T:14.760,P:2503.000,D:14.478,TIME:84376
1773241295.222469,
1773241295.268275,D1:22002101201000,D2:111011222002011
1773241295.271533,T:14.750,P:2502.000,D:14.468,TIME:84427
1773241295.2741618,
1773241295.3300018,D1:22002101202122,D2:111011222002112
1773241295.3301592,T:14.750,P:2503.000,D:14.478,TIME:84478
1773241295.3712242,D1:22002101211021,D2:111011222010122
1773241295.3741639,T:14.760,P:2503.000,D:14.478,TIME:84529
1773241295.375537,
1773241295.420875,D1:22002101222210,D2:111011222002200
1773241295.422335,
1773241295.423775,T:14.750,P:2505.000,D:14.497,TIME:84580
1773241295.427192,
1773241295.472608,D1:22002101201101,D2:111011222001021
1773241295.474448,T:14.750,P:2502.000,D:14.468,TIME:84631
1773241295.479234,
1773241295.5457332,D1:22002101210002,D2:111011222010212
1773241295.545825,T:14.760,P:2503.000,D:14.478,TIME:84682
1773241295.574218,D1:22002101222100,D2:111011222010201
1773241295.574334,
1773241295.5769868,T:14.760,P:2505.000,D:14.497,TIME:84733
1773241295.581024,
1773241295.6251562,D1:22002101211012,D2:111011222020200
1773241295.626252,
1773241295.627828,T:14.760,P:2503.000,D:14.478,TIME:84784
1773241295.6294851,
1773241295.676239,D1:22002101212222,D2:111011222010221
1773241295.679428,T:14.760,P:2504.000,D:14.487,TIME:84835
1773241295.681164,
1773241295.727202,D1:22002101211122,D2:111011222011202
1773241295.728297,
1773241295.729731,T:14.760,P:2503.000,D:14.478,TIME:84886
1773241295.7313669,
1773241295.778635,D1:22002101210101,D2:111011222020220
1773241295.782561,
1773241295.7825868,T:14.760,P:2503.000,D:14.478,TIME:84937
1773241295.7837062,
1773241295.829974,D1:22002101212011,D2:111011222020011
1773241295.831616,T:14.760,P:2504.000,D:14.487,TIME:84988
1773241295.834917,
1773241295.880254,D1:22002101201121,D2:111011222012201
1773241295.882018,
1773241295.88367,T:14.760,P:2502.000,D:14.468,TIME:85039
1773241295.885141,
1773241296.0011232,D1:22002101210020,D2:111011222010212
1773241296.003245,
1773241296.003335,T:14.760,P:2503.000,D:14.478,TIME:85090
1773241296.003349,D1:22002101122121,D2:111011222021120
1773241296.003361,T:14.760,P:2502.000,D:14.468,TIME:85141
1773241296.033112,D1:22002101121111,D2:111011222011101
1773241296.034807,
1773241296.0351338,T:14.760,P:2501.000,D:14.458,TIME:85192
1773241296.037329,
1773241296.0846999,D1:22002101202120,D2:111011222021122
1773241296.087841,T:14.760,P:2503.000,D:14.478,TIME:85243
1773241296.088864,
1773241296.1354759,D1:22002101202001,D2:111011222012122
1773241296.138983,T:14.760,P:2503.000,D:14.478,TIME:85294
1773241296.140674,
1773241296.186235,D1:22002101200102,D2:111011222011222
1773241296.188767,T:14.760,P:2502.000,D:14.468,TIME:85345
1773241296.18977,
1773241296.2372181,D1:22002101211221,D2:111011222012012
1773241296.2409449,T:14.760,P:2504.000,D:14.487,TIME:85396
1773241296.242143,
1773241296.288364,D1:22002101211212,D2:111011222012210
1773241296.2916028,T:14.760,P:2504.000,D:14.487,TIME:85447
1773241296.293314,
1773241296.339694,D1:22002101210222,D2:111011222012001
1773241296.3413382,T:14.760,P:2503.000,D:14.478,TIME:85498
1773241296.344449,
1773241296.390746,D1:22002101211001,D2:111011222011211
1773241296.394447,T:14.760,P:2503.000,D:14.478,TIME:85549
1773241296.455201,D1:22002101201101,D2:111011222012100
1773241296.455376,T:14.760,P:2502.000,D:14.468,TIME:85600
1773241296.4925492,D1:22002101122211,D2:111011221222100
1773241296.4958348,T:14.750,P:2502.000,D:14.468,TIME:85651
1773241296.49756,
1773241296.5432599,D1:22002101211221,D2:111011222022211
1773241296.544456,
1773241296.545967,T:14.760,P:2504.000,D:14.487,TIME:85702
1773241296.547127,
1773241296.595221,D1:22002101210222,D2:111011222010201
1773241296.5969112,T:14.760,P:2503.000,D:14.478,TIME:85753
1773241296.598411,
1773241296.646007,D1:22002101210002,D2:111011221212110
1773241296.669864,
1773241296.6699579,T:14.750,P:2503.000,D:14.478,TIME:85804
1773241296.696139,D1:22002101221220,D2:111011222012120
1773241296.698405,
1773241296.698494,T:14.760,P:2505.000,D:14.497,TIME:85855
1773241296.700233,
1773241296.747545,D1:22002101200122,D2:111011222001100
1773241296.750772,T:14.750,P:2502.000,D:14.468,TIME:85906
1773241296.7519171,
1773241296.798177,D1:22002101202001,D2:111011222010102
1773241296.801636,T:14.760,P:2503.000,D:14.478,TIME:85957
1773241296.849302,D1:22002101210220,D2:111011222022110
1773241296.850678,
1773241296.85605,T:14.760,P:2503.000,D:14.478,TIME:86008
1773241296.900089,D1:22002101201121,D2:111011222010102
1773241296.903755,T:14.760,P:2502.000,D:14.468,TIME:86059
1773241296.905492,
1773241296.951148,D1:22002101211001,D2:111011222011002
1773241296.955138,T:14.760,P:2503.000,D:14.478,TIME:86110
1773241296.960743,
1773241297.076878,D1:22002101122022,D2:111011222002112
1773241297.076925,T:14.750,P:2502.000,D:14.468,TIME:86161
1773241297.0769322,D1:22002101202122,D2:111011222022002
1773241297.076938,T:14.760,P:2503.000,D:14.478,TIME:86212
1773241297.079712,
1773241297.104214,D1:22002101201211,D2:111011222010012
1773241297.1060648,
1773241297.107865,T:14.760,P:2502.000,D:14.468,TIME:86263
1773241297.2027378,
1773241297.2029052,D1:22002101220001,D2:111011222012100
1773241297.202977,T:14.760,P:2504.000,D:14.487,TIME:86314
1773241297.206869,D1:22002101122222,D2:111011221222102
1773241297.3261828,
1773241297.326281,T:14.750,P:2502.000,D:14.468,TIME:86366
1773241297.326298,D1:22002101222120,D2:111011222102122
1773241297.32631,T:14.760,P:2505.000,D:14.497,TIME:86416
1773241297.3272262,D1:22002101200122,D2:111011222010221
1773241297.3291001,
1773241297.333762,T:14.760,P:2502.000,D:14.468,TIME:86489
1773241297.335707,
1773241297.3373692,Stopping pressure measurement
1773241297.3388538,
